,,,
15 June 2020,0.06077074756666,0.03894519819023,0.09482828871251
16 June 2020,0.05936101961758,0.03900987794936,0.08945180526047
17 June 2020,0.05812003885308,0.03877130609027,0.08515025709187
18 June 2020,0.05702941217578,0.03864836293438,0.08199811292807
19 June 2020,0.05607237830830,0.03852523370823,0.07924859972843
20 June 2020,0.05523329609191,0.03816172752882,0.07741665734788
21 June 2020,0.05449786389443,0.03786888397360,0.07556883755045
22 June 2020,0.04260070633048,0.02691404253280,0.06297736912541
23 June 2020,0.04246467182361,0.02732892082051,0.06161583805764
24 June 2020,0.04238322690804,0.02750763931093,0.06068500070460
25 June 2020,0.04235495571231,0.02780504867028,0.06003623946496
26 June 2020,0.04237743381086,0.02807697988786,0.05932191965914
27 June 2020,0.04244706633313,0.02837910760826,0.05890662296944
28 June 2020,0.04255929434890,0.02873506810706,0.05901329625099
29 June 2020,0.04835298109298,0.03169574021401,0.07118505792002
30 June 2020,0.04824180001799,0.03208449349055,0.06986234583184
01 July 2020,0.04819390510752,0.03258593146683,0.06859273346651
02 July 2020,0.04820812748104,0.03297516331215,0.06767726994849
03 July 2020,0.04686161345874,0.03110717547941,0.06858561968262
04 July 2020,0.04673279225557,0.03129580464534,0.06710275750209
05 July 2020,0.04666502466582,0.03154513396760,0.06620844466625
06 July 2020,0.04665460723959,0.03187199382526,0.06512448675264
07 July 2020,0.04669526847936,0.03216462379775,0.06453076342798
08 July 2020,0.04677808762816,0.03243902439524,0.06431166677042
09 July 2020,0.04689193197006,0.03277523540911,0.06427009975837
10 July 2020,0.05185471900000,0.03748812600000,0.06940877400000
11 July 2020,0.05204742100000,0.03764951700000,0.06989090800000
12 July 2020,0.05221831600000,0.03781884900000,0.06999659200000
13 July 2020,0.05235777100000,0.03791585000000,0.07005310800000
14 July 2020,0.05245683600000,0.03800781100000,0.07025745500000
15 July 2020,0.06318263003774,0.04130887992468,0.09821782784615
16 July 2020,0.06207258453922,0.04135632470247,0.09396410671074
17 July 2020,0.06108195003607,0.04142380234035,0.09032812054395
18 July 2020,0.06019483234739,0.04121182945166,0.08722901861765
19 July 2020,0.05939319479799,0.04105039842553,0.08481563416472
20 July 2020,0.05865782176711,0.04119106221211,0.08253375251615
21 July 2020,0.05796972518930,0.04108644123462,0.08037107464880
22 July 2020,0.05731174611899,0.04103179361800,0.07837394627610
23 July 2020,0.05667004666420,0.04093903441704,0.07663426577715
24 July 2020,0.05603519100146,0.04075825597541,0.07525829222705
25 July 2020,0.05540259789720,0.04044503100133,0.07379947251886
26 July 2020,0.05013951992707,0.03296463433927,0.07283760091352
27 July 2020,0.04957102209690,0.03314268882336,0.07058191468319
28 July 2020,0.04910680504786,0.03345387550242,0.06876738945822
29 July 2020,0.04873899777437,0.03365097552080,0.06722090630566
30 July 2020,0.04846005217622,0.03387710417852,0.06611509393607
31 July 2020,0.06389852914574,0.04304682127936,0.09372470860539
01 August 2020,0.06246810379790,0.04287689464428,0.08989271107570
02 August 2020,0.06122229036025,0.04269718603702,0.08588765558493
03 August 2020,0.06014901453909,0.04251030839992,0.08318245843092
04 August 2020,0.05923779170695,0.04237595836165,0.08052117095246
05 August 2020,0.05847878375331,0.04214789018379,0.07848123491899
06 August 2020,0.05786287938455,0.04201664466108,0.07697065184888
07 August 2020,0.05738225410575,0.04204308005332,0.07574068381244
08 August 2020,0.05703101368188,0.04211958697775,0.07443964151599
09 August 2020,0.07733207858114,0.05379392467083,0.10778503389482
10 August 2020,0.07520608050072,0.05351545856620,0.10221898778142
11 August 2020,0.07339268363415,0.05327507604736,0.09782654379196
12 August 2020,0.07186997394672,0.05297188479903,0.09447904141611
13 August 2020,0.07062035183909,0.05264219139746,0.09171607174455
14 August 2020,0.06511245991310,0.04964987807749,0.08281950343755
15 August 2020,0.06520362098824,0.05003676137983,0.08238459870451
16 August 2020,0.06542596806648,0.05047589970446,0.08206850756805
17 August 2020,0.06578815246767,0.05106228370782,0.08200349963029
18 August 2020,0.06630121288314,0.05178755147338,0.08217270881503
19 August 2020,0.06697859527265,0.05266053994897,0.08262891085331
20 August 2020,0.06783603120115,0.05364449306881,0.08324420574604
21 August 2020,0.08544786944024,0.06754583193898,0.10544025821636
22 August 2020,0.08477858141361,0.06753213478021,0.10392120438683
23 August 2020,0.08449852842688,0.06783008247477,0.10297551122642
24 August 2020,0.08460296123039,0.06828572430043,0.10283145812324
25 August 2020,0.08509122420357,0.06909064125972,0.10294091536045
26 August 2020,0.08596694894380,0.07000198712516,0.10343657377118
27 August 2020,0.08723800800966,0.07143750296708,0.10433292299152
28 August 2020,0.07870425772220,0.06015985914415,0.10059231254051
29 August 2020,0.08060850493205,0.06243028403842,0.10217514080955
30 August 2020,0.08323556826125,0.06515185838002,0.10479055034690
31 August 2020,0.08662155881443,0.06851767265672,0.10810612072119
01 September 2020,0.09080499331985,0.07272969127994,0.11215078438204
02 September 2020,0.09581719227466,0.07741313968629,0.11727398152695
03 September 2020,0.10166881512213,0.08269742996779,0.12332109663918
04 September 2020,0.10833475941762,0.08884431623651,0.13056082739741
05 September 2020,0.12232342437814,0.10037526358532,0.14704361365162
06 September 2020,0.12578852061707,0.10448856309085,0.14989820214601
07 September 2020,0.12985131784251,0.10885119817345,0.15321736576585
08 September 2020,0.13454778333351,0.11402524939619,0.15768774352898
09 September 2020,0.13992035014045,0.11957408946268,0.16295744228973
10 September 2020,0.14601476478158,0.12537180810393,0.16900068140282
11 September 2020,0.15287515620597,0.13225242876982,0.17567898000829
12 September 2020,0.17339172718621,0.14939911087725,0.19932730032973
13 September 2020,0.17774561853064,0.15424718073525,0.20316954063610
14 September 2020,0.18323392337294,0.15961680227911,0.20826739195765
15 September 2020,0.18996799825640,0.16633430270950,0.21503678001671
16 September 2020,0.19806724152394,0.17452931665282,0.22324886278239
17 September 2020,0.20765200687054,0.18395277085255,0.23321630399128
18 September 2020,0.21883253437215,0.19462194865190,0.24478445939198
19 September 2020,0.23169533127097,0.20722678937812,0.25824285548036
20 September 2020,0.25093787116710,0.22514969604410,0.27785969481584
21 September 2020,0.26369627651256,0.23794226722963,0.29091052458338
22 September 2020,0.27821641673040,0.25255187460733,0.30626127843985
23 September 2020,0.29459324905233,0.26839267723641,0.32291653872098
24 September 2020,0.31289582245137,0.28627210624351,0.34128687745705
25 September 2020,0.33314960515781,0.30579586399571,0.36129129431803
26 September 2020,0.35157510915409,0.32307808823591,0.38154520355826
27 September 2020,0.37383175159652,0.34481517614805,0.40418284833588
28 September 2020,0.39721503280274,0.36734900908320,0.42848437408615
29 September 2020,0.42154505059010,0.39092524638281,0.45393892342414
30 September 2020,0.44666187675762,0.41527979721191,0.47902817488392
01 October 2020,0.47243526544510,0.44047031236057,0.50532283500495
02 October 2020,0.49876087469644,0.46645350317565,0.53192144058092
03 October 2020,0.52554589951133,0.49295627189400,0.55924384747516
04 October 2020,0.55330835266395,0.51967922512825,0.58793093600112
05 October 2020,0.57135409290974,0.53648947541822,0.60687258412223
06 October 2020,0.59150701188113,0.55612089091831,0.62766701409848
07 October 2020,0.61383787982522,0.57716438718196,0.65067578642202
08 October 2020,0.63837886276534,0.60080695265130,0.67549153270061
09 October 2020,0.66510255215052,0.62750042430574,0.70295566815279
10 October 2020,0.69389618946745,0.65709328058203,0.73190033707132
11 October 2020,0.72795432119268,0.68986762827652,0.76769778036763
12 October 2020,0.75591293875419,0.71721264853719,0.79626555435139
13 October 2020,0.78539462690660,0.74597740048924,0.82759412409807
14 October 2020,0.81615117751804,0.77516978878899,0.85935363013509
15 October 2020,0.84787322281229,0.80656348844485,0.89154201874936
16 October 2020,0.88018306312993,0.83805045916118,0.92395599326815
17 October 2020,0.91262751204020,0.86965610227291,0.95676451375025
18 October 2020,0.93930865792568,0.89454993027647,0.98506755227856
19 October 2020,0.97252165610929,0.92566692918011,1.02025451892390
20 October 2020,1.00333065723878,0.95498014287862,1.05278506607567
21 October 2020,1.03122521862989,0.98288928073391,1.08197262320552
22 October 2020,1.05596233029471,1.00777017447665,1.10661750130581
23 October 2020,1.07754575865188,1.02932421069029,1.12812831589572
24 October 2020,1.09616621819513,1.04756712803675,1.14642629279940
25 October 2020,1.09972085172174,1.04759340493471,1.15350130224161
26 October 2020,1.10776217495030,1.05394601628662,1.16304302387570
27 October 2020,1.11587388699341,1.06035165704263,1.17215164546026
28 October 2020,1.12413069330462,1.06914999101804,1.18096633461518
29 October 2020,1.13271232785342,1.07865791180796,1.18875483854371
30 October 2020,1.14185961240810,1.08826439742427,1.19639614913775
31 October 2020,1.15181301715691,1.09936192810744,1.20605515560087
01 November 2020,1.16174061489726,1.10702802123654,1.21796600214098
02 November 2020,1.17411980183905,1.11842040285567,1.23223570384880
03 November 2020,1.18749538462921,1.13130867489899,1.24530744702864
04 November 2020,1.20152278766141,1.14550515634667,1.26095465067727
05 November 2020,1.21581678778832,1.16065711752215,1.27524064205019
06 November 2020,1.22990702177618,1.17522684076521,1.28736026765974
07 November 2020,1.23986706099614,1.18419861628082,1.29645377319722
08 November 2020,1.24437590526984,1.18756520484631,1.30170704604448
09 November 2020,1.24798904650062,1.19051304409919,1.30634779488904
10 November 2020,1.25016368307323,1.19295225390044,1.30702841051666
11 November 2020,1.25042569906321,1.19358800453606,1.30654879957512
12 November 2020,1.24836707999590,1.19184399857890,1.30374609617830
13 November 2020,1.24363410265019,1.18839963638770,1.29796743299939
14 November 2020,1.23592038588266,1.18283593127057,1.28985644544319
15 November 2020,1.22497663477114,1.17143260312343,1.27838361064022
16 November 2020,1.21064168660146,1.15610287890681,1.26475381172155
17 November 2020,1.19288979028840,1.13742821906976,1.24711888862863
18 November 2020,1.17188054472906,1.11721463238075,1.22588088969349
19 November 2020,1.14799406459708,1.09456522827428,1.20107900932765
20 November 2020,1.12183660859433,1.06963992040409,1.17420833556061
21 November 2020,1.09421031987168,1.04376312033064,1.14513666632463
22 November 2020,1.06605157597932,1.01700599852590,1.11634132167688
23 November 2020,1.03835136321970,0.99061341887819,1.08778346880163
24 November 2020,1.01207480104050,0.96464406730926,1.06026731350197
25 November 2020,0.98809472689750,0.94071579869872,1.03674916235448
26 November 2020,0.96714790281390,0.91946745063706,1.01656207984924
27 November 2020,0.94981491067968,0.90124415192120,0.99935889498352
28 November 2020,0.93651879117994,0.88810452270620,0.98646880553653
29 November 2020,0.94635475776488,0.89738961479432,0.99640805664218
30 November 2020,0.94730187656472,0.89769560021320,0.99799232878109
01 December 2020,0.94876529739690,0.89758844726535,1.00066249662214
02 December 2020,0.95062098731748,0.89886312340823,1.00346876300846
03 December 2020,0.95288927635405,0.90083551003057,1.00550923905015
04 December 2020,0.95572905626802,0.90447181070006,1.00690752634565
05 December 2020,0.95941197206582,0.90860347716429,1.00999997082385
06 December 2020,0.97970276223201,0.92981711316524,1.03295282593499
07 December 2020,0.98526203917747,0.93454136744510,1.04009326580472
08 December 2020,0.99101884336894,0.93961397222490,1.04580632015957
09 December 2020,0.99758375720466,0.94580604275601,1.05226042219410
10 December 2020,1.00588288352787,0.95371937966791,1.06080252683638
11 December 2020,1.01707701567564,0.96533441287510,1.07078545383338
12 December 2020,1.03244767299353,0.98142742009457,1.08525077609588
13 December 2020,1.07453367617732,1.02310497954921,1.12833741861422
14 December 2020,1.09543722605942,1.04299386282536,1.15035997502399
15 December 2020,1.12793119929445,1.07266123021783,1.18444170707874
16 December 2020,1.17245603237202,1.11447365743560,1.23066857309979
17 December 2020,1.22919519980232,1.16982979393680,1.28936572445508
18 December 2020,1.29795520053641,1.23644001602067,1.35933561272426
19 December 2020,1.37801099502550,1.31501629285049,1.44097388056676
20 December 2020,1.47479095592541,1.41027162400699,1.54387226354662
21 December 2020,1.57006752428896,1.50010037501954,1.64506479606756
22 December 2020,1.66519791922637,1.58980253155459,1.74693294906299
23 December 2020,1.75792069743742,1.67715425086231,1.84320111897869
24 December 2020,1.84591217253178,1.76169512168174,1.93384561150857
25 December 2020,1.92696379998081,1.84050863857339,2.01626821636369
26 December 2020,1.99914576741617,1.91256179090957,2.08798291796281
27 December 2020,2.04438223027722,1.95641245549597,2.13181044635130
28 December 2020,2.09940872894384,2.00953836399567,2.18841105022843
29 December 2020,2.14170446497633,2.04984788641584,2.23399456028491
30 December 2020,2.16960694987153,2.07728298133617,2.26250310489106
31 December 2020,2.18270624278590,2.09336953518596,2.27484688966656
01 January 2021,2.18185958338659,2.09573827014743,2.27087223366568
02 January 2021,2.06766347525177,1.98755612244924,2.15151612397055
03 January 2021,2.04946130534611,1.96744927943590,2.13398440957879
04 January 2021,2.03380286670390,1.95107542845853,2.11873550568820
05 January 2021,2.02032412589033,1.93913255498705,2.10360492641838
06 January 2021,2.00869695605147,1.92937224845015,2.09051179127217
07 January 2021,1.99859655028792,1.92157044771557,2.07619055476857
08 January 2021,1.98965524740556,1.91469275348315,2.06522816101648
09 January 2021,1.96931905644931,1.88926963086593,2.04997651245902
10 January 2021,1.95658333780332,1.87489352833571,2.03844840123583
11 January 2021,1.94403497477901,1.86317585721855,2.02626656567351
12 January 2021,1.93136902916190,1.85093757301587,2.01186389807426
13 January 2021,1.91833496322682,1.84116978853569,1.99691841656538
14 January 2021,1.90470538958587,1.83136002000604,1.97982875910329
15 January 2021,1.89023857317394,1.81865220746162,1.96239960249675
16 January 2021,1.87465105379286,1.80429358626944,1.94641212468501
17 January 2021,1.89603570856040,1.81725965192977,1.97539112684944
18 January 2021,1.87458117683121,1.79327945222827,1.95523454449608
19 January 2021,1.84877961237712,1.76936181691403,1.92813958085131
20 January 2021,1.81875436507072,1.74190045590271,1.89594690132302
21 January 2021,1.78494403447425,1.71073124068243,1.85972039240177
22 January 2021,1.74797487431705,1.67630029398459,1.81979543395007
23 January 2021,1.70851838674879,1.63943861489729,1.77761164906501
24 January 2021,1.64175468038533,1.56944040856864,1.71824372232676
25 January 2021,1.60253732956128,1.52929737739220,1.68028749067323
26 January 2021,1.56235998831890,1.49031173978270,1.63874053337129
27 January 2021,1.52090477774611,1.45188574729460,1.59481023792755
28 January 2021,1.47805493577926,1.41316644096956,1.54826250560682
29 January 2021,1.43385112383772,1.37201153939904,1.50050175446848
30 January 2021,1.38843884444457,1.32758853984218,1.45202571020085
31 January 2021,1.36587754433049,1.30175280303723,1.43083868094042
01 February 2021,1.32167229687945,1.25710045511568,1.38604811340606
02 February 2021,1.27335792780154,1.21040056236890,1.33706550319723
03 February 2021,1.22171130986523,1.16220528710738,1.28303677111159
04 February 2021,1.16786384354961,1.11102535780546,1.22633464677932
05 February 2021,1.11309980445751,1.05875877286486,1.16910250788962
06 February 2021,1.05865825824712,1.00661302370998,1.11313661011771
07 February 2021,1.00537686538892,0.95239707384912,1.06144001330187
08 February 2021,0.95526260255520,0.90316965334053,1.01096137056352
09 February 2021,0.90833228663390,0.85778434408873,0.96189391248664
10 February 2021,0.86442824708190,0.81562956200435,0.91495663211321
11 February 2021,0.82342478512133,0.77597863318952,0.87076648071264
12 February 2021,0.78517029714108,0.73961909227652,0.82998920694518
13 February 2021,0.74944569592895,0.70618978044787,0.79306156436276
14 February 2021,0.74371668418932,0.69524972756168,0.79181571540537
15 February 2021,0.71375375534048,0.66573909623058,0.76110086640222
16 February 2021,0.68277387363709,0.63611480551032,0.72890253600161
17 February 2021,0.65106819633940,0.60601028458574,0.69648562099822
18 February 2021,0.61912786393035,0.57608844188154,0.66241090378668
19 February 2021,0.58754489228678,0.54699139281931,0.62805145721876
20 February 2021,0.55691321506133,0.51833929266101,0.59561914740640
21 February 2021,0.52890301085342,0.48956269484101,0.56919928866686
22 February 2021,0.50329869609282,0.46423557858350,0.54293456604497
23 February 2021,0.47943208041789,0.44120385258415,0.51797275412604
24 February 2021,0.45732305200904,0.42118401732860,0.49381528240228
25 February 2021,0.43703215407737,0.40246767957548,0.47228370558741
26 February 2021,0.41862229252103,0.38530807024918,0.45269522429561
27 February 2021,0.40212533176585,0.36970509164022,0.43524145495582
28 February 2021,0.40095552985478,0.36798880064113,0.43648679096716
01 March 2021,0.39193488559391,0.35891486820601,0.42711169152813
02 March 2021,0.38289800661303,0.35006128667929,0.41789213373507
03 March 2021,0.37385243137407,0.34101536624697,0.40874731799971
04 March 2021,0.36488082997674,0.33314090350162,0.39876351546906
05 March 2021,0.35611446324709,0.32523544638580,0.38879384929834
06 March 2021,0.34959780990649,0.31781555730718,0.38254798025649
07 March 2021,0.34535304016221,0.31362834998849,0.37867081779764
08 March 2021,0.34073957985683,0.30974002651274,0.37390368519375
09 March 2021,0.33580650000176,0.30548175775012,0.36830178131067
10 March 2021,0.33067726275862,0.30097507898904,0.36287208454315
11 March 2021,0.32552235007866,0.29605476802792,0.35724478422674
12 March 2021,0.32052683790318,0.29139446093763,0.35195915489873
13 March 2021,0.31586050638161,0.28698941136420,0.34705213889259
14 March 2021,0.31139203012880,0.27948986247422,0.34444147860375
15 March 2021,0.31368152126941,0.28124004590602,0.34702819413862
16 March 2021,0.31514835713124,0.28301286928364,0.34853960584289
17 March 2021,0.31568428566698,0.28380909860306,0.34856637870695
18 March 2021,0.31527784763550,0.28421859655551,0.34779377776330
19 March 2021,0.31400061037641,0.28353232010290,0.34687122326349
20 March 2021,0.31198027589639,0.28182287707856,0.34453582531957
21 March 2021,0.30936902851470,0.27923335942797,0.34156644402633
22 March 2021,0.30496077213715,0.27376478389232,0.33740890629326
23 March 2021,0.30254573981287,0.27133068198313,0.33547412319513
24 March 2021,0.30007670158764,0.26899084342953,0.33316841245174
25 March 2021,0.29744892681318,0.26700277754381,0.33043052753064
26 March 2021,0.29457735181631,0.26439837155208,0.32696955208549
27 March 2021,0.29138451785067,0.26134080789083,0.32314050610898
28 March 2021,0.29258034163121,0.26142668157597,0.32529624406550
29 March 2021,0.28816242397396,0.25751401227092,0.32048249278227
30 March 2021,0.28276894214106,0.25264861266367,0.31484905553500
31 March 2021,0.27632530048793,0.24678914183878,0.30759467504481
01 April 2021,0.26884363404962,0.24029512090865,0.29947565417749
02 April 2021,0.26040465129770,0.23276213700348,0.29056187478033
03 April 2021,0.25113441287467,0.22409993243046,0.28046097380474
04 April 2021,0.24503423085221,0.21694056637565,0.27542161109591
05 April 2021,0.23283748813426,0.20582286161042,0.26254886223322
06 April 2021,0.22069160943266,0.19460032665711,0.24886269956605
07 April 2021,0.20864407572048,0.18348910577283,0.23541072864380
08 April 2021,0.19680052282640,0.17308682505751,0.22243502063778
09 April 2021,0.18529444887488,0.16284015130755,0.20976093275739
10 April 2021,0.17425844683855,0.15262023696390,0.19762448454321
11 April 2021,0.16494050112350,0.14204182939226,0.18943896810474
12 April 2021,0.15792537282006,0.13580004652612,0.18193262986149
13 April 2021,0.15090476242377,0.12979940131313,0.17443451944942
14 April 2021,0.14391236978151,0.12354559803831,0.16638733923989
15 April 2021,0.13702950300086,0.11728251210332,0.15848214354183
16 April 2021,0.13036234923444,0.11134783629780,0.15064913264860
17 April 2021,0.12401895868410,0.10546860027071,0.14373924222556
18 April 2021,0.11341717624156,0.09592003309722,0.13297548655381
19 April 2021,0.10738786289233,0.09078904307830,0.12564472251297
20 April 2021,0.10228495371786,0.08623819427762,0.11984291921156
21 April 2021,0.09798422411384,0.08274328706364,0.11494471812173
22 April 2021,0.09438267851544,0.07945597417453,0.11060593875653
23 April 2021,0.09139215227578,0.07693436296037,0.10715627982982
24 April 2021,0.08893321646907,0.07484391002962,0.10433901491271
25 April 2021,0.08426450637991,0.06996583090473,0.10000289125412
26 April 2021,0.08393186230762,0.06997708436547,0.09933445397652
27 April 2021,0.08364201041766,0.06978290076604,0.09903105821136
28 April 2021,0.08338277106057,0.06977751674052,0.09878462821409
29 April 2021,0.08315361676956,0.06971025566032,0.09826410980411
30 April 2021,0.08296236693283,0.06969992163050,0.09792242842774
01 May 2021,0.08282096266881,0.06965011441059,0.09769064407982
02 May 2021,0.08035436153625,0.06639143017192,0.09601706936227
03 May 2021,0.08032280468021,0.06673014689337,0.09560215019660
04 May 2021,0.08042208888372,0.06696707013312,0.09542560983841
05 May 2021,0.08066899709803,0.06716764618635,0.09543318651023
06 May 2021,0.08109203357089,0.06763681999155,0.09578407500349
07 May 2021,0.08172591077154,0.06823501018510,0.09617309662249
08 May 2021,0.08260521672014,0.06908069238007,0.09717884774901
09 May 2021,0.08450242869905,0.07006594143416,0.10017835800754
10 May 2021,0.08584375193102,0.07151907743510,0.10146100296142
11 May 2021,0.08749854425555,0.07323709076441,0.10298525182695
12 May 2021,0.08947018883355,0.07511869942647,0.10507532013423
13 May 2021,0.09176709692570,0.07730342374197,0.10733131684504
14 May 2021,0.09439907260152,0.07971460098925,0.10999661210050
15 May 2021,0.09737246319158,0.08247043120611,0.11350410203410
16 May 2021,0.10314478569545,0.08647608306419,0.12143811664859
17 May 2021,0.10447590736431,0.08783787266553,0.12234435160863
18 May 2021,0.10652416007100,0.08999295237874,0.12447067341083
19 May 2021,0.10932042095598,0.09270045870242,0.12718246196279
20 May 2021,0.11289525035537,0.09623093249750,0.13092636649578
21 May 2021,0.11726825480212,0.10043959965781,0.13555061138535
22 May 2021,0.12243310219974,0.10501270685214,0.14106955816967
23 May 2021,0.13443355893398,0.11432166164510,0.15618205472513
24 May 2021,0.13910808099331,0.11904176708432,0.16067728383986
25 May 2021,0.14431549610194,0.12401960369963,0.16603947077819
26 May 2021,0.14996059256937,0.12937815777988,0.17206677278154
27 May 2021,0.15592238229894,0.13483560196926,0.17858157112030
28 May 2021,0.16205357153615,0.14083905266823,0.18512374138350
29 May 2021,0.16818280789563,0.14637449729745,0.19192129386666
30 May 2021,0.18605386065794,0.16178121808632,0.21255566126099
31 May 2021,0.18526363849873,0.16131890364684,0.21166981768393
01 June 2021,0.18504240468526,0.16104342407301,0.21107142065555
02 June 2021,0.18539881835690,0.16117765238856,0.21119932940501
03 June 2021,0.18636141583702,0.16246012640186,0.21225207993833
04 June 2021,0.18797293278427,0.16428575710500,0.21352619796328
05 June 2021,0.19028288455812,0.16649344629990,0.21564674432665
06 June 2021,0.19429197276098,0.16853438278587,0.22229743588434
07 June 2021,0.19673396359194,0.17082495960212,0.22465572161156
08 June 2021,0.20018748515067,0.17417250131702,0.22840450478576
09 June 2021,0.20471651711874,0.17864796649585,0.23291883290571
10 June 2021,0.21039713077220,0.18446516383972,0.23878797415884
11 June 2021,0.21731342562743,0.19082575306911,0.24549035996523
12 June 2021,0.22555112963912,0.19891688071969,0.25366732203062
13 June 2021,0.23657080943961,0.20775440296488,0.26780405164867
14 June 2021,0.24594118933375,0.21706705699166,0.27739700747141
15 June 2021,0.25702009087692,0.22784327581311,0.28892733262535
16 June 2021,0.26997641075253,0.24001902705895,0.30272948357811
17 June 2021,0.28497668701027,0.25441835559198,0.31784923913075
18 June 2021,0.30217486087777,0.27134064387303,0.33572961627801
19 June 2021,0.32169691398161,0.29012350391784,0.35572551289930
20 June 2021,0.33223243748941,0.29806184989887,0.36849387633259
21 June 2021,0.35520430666556,0.31997336467703,0.39303896772941
22 June 2021,0.38020890416397,0.34363741612017,0.41934629879401
23 June 2021,0.40730037963223,0.36901490433931,0.44856968895473
24 June 2021,0.43652275630901,0.39667674242646,0.47915981367127
25 June 2021,0.46790441907187,0.42573990286102,0.51226896611972
26 June 2021,0.51430675380604,0.46961166156194,0.56053438195389
27 June 2021,0.54414772587686,0.49872457696216,0.59211740671689
28 June 2021,0.57595067219565,0.52879527128984,0.62745464138915
29 June 2021,0.60983922894079,0.56047379558452,0.66282677155244
30 June 2021,0.64598171212430,0.59595993941441,0.69925852817440
01 July 2021,0.68457205709777,0.63383171031425,0.73852680421021
02 July 2021,0.72579500306029,0.67524365276578,0.78026789438323
03 July 2021,0.76978170474428,0.71767775445955,0.82562582154132
04 July 2021,0.80738405198839,0.74942496370386,0.86826019305907
05 July 2021,0.85053370324606,0.79068612758941,0.91429123197860
06 July 2021,0.89750486455844,0.83602263757434,0.96350547643939
07 July 2021,0.94813293800760,0.88618293731320,1.01607951965945
08 July 2021,1.00207513650831,0.93897873348607,1.06825147185793
09 July 2021,1.05875998851654,0.99525727790209,1.12604661587120
10 July 2021,1.10977824915268,1.04334629679879,1.17955422422582
11 July 2021,1.16132202107400,1.09214404010255,1.23602404499512
12 July 2021,1.21185810918897,1.13949237634544,1.28913898347472
13 July 2021,1.26023925357175,1.18651199551858,1.34001916661749
14 July 2021,1.30533803470458,1.23115623625340,1.38768661717464
15 July 2021,1.34610030404462,1.27225147596024,1.42962859639788
16 July 2021,1.38158936276774,1.30746759596217,1.46413142839240
17 July 2021,1.36598727862641,1.28542052867758,1.44739698079130
18 July 2021,1.39237916339684,1.30982226191842,1.47481598815106
19 July 2021,1.41246219070762,1.32829276424646,1.49632802187997
20 July 2021,1.42563165087691,1.34076581786177,1.51064081703520
21 July 2021,1.43177734534455,1.34898679517842,1.51506019878355
22 July 2021,1.43125191042703,1.34969765589488,1.51137465603524
23 July 2021,1.42478099442112,1.34531994933435,1.50451824947553
24 July 2021,1.37476996644155,1.29764196063942,1.45542147362494
25 July 2021,1.36044815108594,1.28182943847542,1.44243816996881
26 July 2021,1.34557533758026,1.26679693923063,1.42704062350647
27 July 2021,1.33033666520447,1.25404568821987,1.40924233062537
28 July 2021,1.31511399845813,1.24053111021486,1.39192788206778
29 July 2021,1.30042068461496,1.22614118341133,1.37341903213558
30 July 2021,1.28682195655746,1.21445795420149,1.35800604571976
31 July 2021,1.27485928181406,1.20278272177752,1.34746647006459
01 August 2021,1.24405907490612,1.16918500337623,1.31855848810296
02 August 2021,1.24531899891137,1.16947676317099,1.32060459563559
03 August 2021,1.24639483790923,1.17045662531790,1.32180765085876
04 August 2021,1.24741103734804,1.17383328114174,1.32186749137127
05 August 2021,1.24862934896238,1.17757868026951,1.32248066738824
06 August 2021,1.25038203408451,1.18058679589416,1.32433144158368
07 August 2021,1.25299348467824,1.18342155878815,1.32845116267475
08 August 2021,1.24969280837465,1.17781537331077,1.32257296948425
09 August 2021,1.25493592638266,1.18020956719844,1.32942699856613
10 August 2021,1.26180484509496,1.18462003160143,1.33663575534619
11 August 2021,1.27004439110737,1.19360983778474,1.34497358686777
12 August 2021,1.27942299911641,1.20431969818711,1.35282135584194
13 August 2021,1.28970228348319,1.21698961489070,1.36120375699713
14 August 2021,1.30059540428704,1.23058846714688,1.37029145217250
15 August 2021,1.30225905337876,1.22734101417133,1.37833503698577
16 August 2021,1.31362625897301,1.23788682872730,1.39090387278230
17 August 2021,1.32199412276221,1.24618441579547,1.40007907350487
18 August 2021,1.32727341056448,1.25168214857370,1.40506945557035
19 August 2021,1.32973809589866,1.25403079585297,1.40678640363006
20 August 2021,1.32992055079270,1.25607861614302,1.40558866113037
21 August 2021,1.32846208549860,1.25491176643476,1.40329561109227
22 August 2021,1.31337976199493,1.23763632173315,1.39127838510001
23 August 2021,1.30699332087801,1.23064837310174,1.38579657489175
24 August 2021,1.30185433987278,1.22483806072920,1.38032885550562
25 August 2021,1.29754856702416,1.22119396639255,1.37397207046449
26 August 2021,1.29371933339087,1.21828555254359,1.36762047997935
27 August 2021,1.29005139013469,1.21588657453524,1.36328012041327
28 August 2021,1.28624081321230,1.21422154555903,1.35878363780866
29 August 2021,1.26756785749335,1.19704885531835,1.34046110555356
30 August 2021,1.25783587362505,1.18625419352393,1.33028559929294
31 August 2021,1.24859074030325,1.17759476962114,1.32088874466210
01 September 2021,1.23952391945428,1.17018601468439,1.31039581933327
02 September 2021,1.23044015444466,1.16097040537146,1.29969123065955
03 September 2021,1.22123599292999,1.15456093495768,1.28945543663760
04 September 2021,1.21186114850165,1.14522891956206,1.27680291098589
05 September 2021,1.22128283678499,1.15122121953845,1.29202364373656
06 September 2021,1.21244914035945,1.14149219282572,1.28283345054449
07 September 2021,1.20036060412199,1.13184377647981,1.26962471373288
08 September 2021,1.18539627678107,1.11743356330026,1.25284146754298
09 September 2021,1.16832498753293,1.10394166006042,1.23578586827383
10 September 2021,1.15019850059062,1.08816470797835,1.21585373422148
11 September 2021,1.10843813024775,1.04577192648540,1.17561830117550
12 September 2021,1.09895698950146,1.03574376804237,1.16705144032478
13 September 2021,1.09232141410955,1.02872836551450,1.16080465961994
14 September 2021,1.08859742695120,1.02498999453242,1.15649382835305
15 September 2021,1.08793045643644,1.02430287256951,1.15571778569321
16 September 2021,1.09050962653163,1.02825474294049,1.15832104232301
17 September 2021,1.09651695787642,1.03556870298095,1.16161780285849
18 September 2021,1.10607417971938,1.04483064031183,1.16957126577410
19 September 2021,1.09780578529694,1.03677415446222,1.16182526155187
20 September 2021,1.12259757479225,1.06024946988600,1.18763306428137
21 September 2021,1.14989242291648,1.08637947367250,1.21597571445853
22 September 2021,1.17929038276775,1.11455515677569,1.24485762159310
23 September 2021,1.21033452765391,1.14626004249500,1.27721945371498
24 September 2021,1.24252525196726,1.17889092571128,1.30716283378064
25 September 2021,1.27532793090276,1.21145246078466,1.34221869927006
26 September 2021,1.30547073760146,1.23646638731406,1.37581283096436
27 September 2021,1.34125292182573,1.27031803020324,1.41391749593606
28 September 2021,1.37392792105686,1.30301550836255,1.44891520626733
29 September 2021,1.40326483562004,1.33185815795687,1.47945239667231
30 September 2021,1.42937844916888,1.35953112449443,1.50525747500901
01 October 2021,1.45269320565013,1.38401669219526,1.52659839282380
02 October 2021,1.47386874854700,1.40643517906780,1.54616924611927
03 October 2021,1.46624434656819,1.39694173750547,1.53934516410036
04 October 2021,1.49266784067365,1.42067037217416,1.56752001316419
05 October 2021,1.51984753554107,1.44491800491178,1.59603579389473
06 October 2021,1.54778100012694,1.47225792077890,1.62341359219918
07 October 2021,1.57659710543088,1.50311747979262,1.65105078547979
08 October 2021,1.60651774569118,1.53446147988336,1.67956556760314
09 October 2021,1.63779722670632,1.56738903891870,1.71132357517502
10 October 2021,1.64362202249291,1.56554587199723,1.71922830321823
11 October 2021,1.67968274810812,1.59976145672931,1.75808433737203
12 October 2021,1.71867616348080,1.63628971629427,1.80007981288083
13 October 2021,1.76032609122327,1.67824397981048,1.84292047917041
14 October 2021,1.80417873996751,1.72153369362787,1.88601645238127
15 October 2021,1.84953110058505,1.76684187125598,1.93040234270669
16 October 2021,1.89535935949143,1.81397805228024,1.97651444251228
17 October 2021,1.93574167539909,1.85390355813472,2.02101256262877
18 October 2021,1.98421415606032,1.89776793707017,2.07254414475162
19 October 2021,2.02547403181485,1.93594925037464,2.11693056978991
20 October 2021,2.05793508862345,1.96682435860971,2.14951984017084
21 October 2021,2.06889935437713,1.97558867588787,2.16291144688873
22 October 2021,2.08079384971271,1.98591790604623,2.17791668343846
23 October 2021,2.08339560944511,1.98886918740923,2.18182764498881
24 October 2021,2.07612485466785,1.98231374848972,2.17267857083045
25 October 2021,2.05916371859015,1.96799298617743,2.15294515135065
26 October 2021,2.03336833018894,1.94464804178354,2.12127127260486
27 October 2021,2.00009271231751,1.91687304058107,2.08684702654085
28 October 2021,1.96097838768625,1.87792355000166,2.04552446387898
29 October 2021,1.91776135251936,1.83282771858244,2.00299333070038
30 October 2021,1.87212997414533,1.78785561122999,1.95652991942163
31 October 2021,1.84123126148025,1.75477382640270,1.93200525614810
01 November 2021,1.79498922464195,1.70703399961101,1.88534587717212
02 November 2021,1.75315490385918,1.66454863119324,1.84182301078161
03 November 2021,1.71572015314809,1.62993863124558,1.80093738047126
04 November 2021,1.68273250034362,1.59978800856019,1.76429459842486
05 November 2021,1.67392724135526,1.59464252568439,1.75626283545516
06 November 2021,1.65680895498830,1.57456854970059,1.73997707811543
07 November 2021,1.64096000638932,1.55984968225985,1.72416090569686
08 November 2021,1.62663112838786,1.54688186575124,1.70829680264182
09 November 2021,1.61420244522347,1.53496164432317,1.69366699473973
10 November 2021,1.60412043288134,1.52700697451170,1.68096734850401
11 November 2021,1.59682322167222,1.52235766918484,1.67331639965512
12 November 2021,1.59267002464139,1.51882495655271,1.66884973428687
13 November 2021,1.59188673604605,1.51832206517744,1.67077391510632
14 November 2021,1.59453369372897,1.51905840020402,1.67275014437714
15 November 2021,1.60049539374402,1.52358643290713,1.68036286395337
16 November 2021,1.60948722880878,1.53077289220865,1.69244671863758
17 November 2021,1.62107201249613,1.54342586656969,1.70374368759501
18 November 2021,1.63467944065132,1.55680580947484,1.71553421877227
19 November 2021,1.64962450003923,1.57085829650701,1.72928933723189
20 November 2021,1.67468622141977,1.59611209692962,1.75722294861288
21 November 2021,1.68879152431440,1.60860381399562,1.77271021418318
22 November 2021,1.70231075540317,1.62265039143965,1.78676003382235
23 November 2021,1.71468553681203,1.63357714614424,1.79896049725420
24 November 2021,1.72545836190957,1.64542715024880,1.80785484618131
25 November 2021,1.73427792302642,1.65511715858345,1.81644862026711
26 November 2021,1.71019847390991,1.62833955514076,1.79298539148993
27 November 2021,1.70996078752349,1.62609000423503,1.79310294643040
28 November 2021,1.70816115389735,1.62386534575049,1.79490806309712
29 November 2021,1.70499166094072,1.62110783707888,1.79060152999681
30 November 2021,1.70105164477003,1.61642746265496,1.78575028743799
01 December 2021,1.69727015575062,1.61592832547936,1.78139913919280
02 December 2021,1.69480704932749,1.61780540114219,1.77734240570077
03 December 2021,1.69496619000878,1.61771060115534,1.77505841828329
04 December 2021,1.69914442641560,1.62064530156124,1.78091469288184
05 December 2021,1.67127057112859,1.59089514905961,1.75282373169463
06 December 2021,1.69271832644419,1.60877647687243,1.77647699883872
07 December 2021,1.72267336547817,1.63993218670371,1.80759351941577
08 December 2021,1.76301127118568,1.68176515356642,1.84954792081467
09 December 2021,1.81589980066525,1.73245837235106,1.90243147158923
10 December 2021,1.88369640504145,1.80026799566604,1.96999831770847
11 December 2021,1.96878641473051,1.88736303590084,2.05320014193255
12 December 2021,2.07821264015038,1.99198817512992,2.16778588870917
13 December 2021,2.20766811550687,2.11736071111702,2.30252418894031
14 December 2021,2.35464640939160,2.25840966727628,2.45353131904323
15 December 2021,2.52011296420667,2.41959384138676,2.62320641842440
16 December 2021,2.70482550305144,2.60029259590375,2.81176059489809
17 December 2021,2.90926061479261,2.80252009024578,3.01899052278049
18 December 2021,3.13350475451727,3.02563840456498,3.24627309541000
19 December 2021,3.41474184984818,3.29749910079364,3.53426422622141
20 December 2021,3.67021514469389,3.53931507025748,3.80411211207510
21 December 2021,3.93899526746055,3.79408350649958,4.08406435970059
22 December 2021,4.21916958924967,4.06442847255069,4.37665801825175
23 December 2021,4.50832932840667,4.34372066581562,4.67288227356922
24 December 2021,4.80339216565192,4.63680466191119,4.96946484053315
25 December 2021,5.10032173533895,4.93214280588025,5.26605688330295
26 December 2021,5.25657450412433,5.07660820136721,5.43795676266081
27 December 2021,5.54212723730175,5.35193602748661,5.73508218072074
28 December 2021,5.81416334068417,5.61601657366552,6.01315479910243
29 December 2021,6.06324248088752,5.86485320315021,6.26519525649494
30 December 2021,6.28039005074806,6.08586238274649,6.47601508501479
31 December 2021,6.45783572611181,6.26760169359703,6.64414912638442
01 January 2022,6.58961603376181,6.40757655734833,6.76497030561318
02 January 2022,6.52044839722882,6.35253367760844,6.70287381652008
03 January 2022,6.54626085256041,6.37094315727006,6.72878777610323
04 January 2022,6.53636517952621,6.36221070398770,6.72052638490621
05 January 2022,6.49020923290946,6.31818241648130,6.66746449350185
06 January 2022,6.40965895806125,6.24520938798140,6.57349633054271
07 January 2022,6.29871199017746,6.14107499103675,6.45676183776535
08 January 2022,6.16299286569441,6.01361219569103,6.31602767788621
09 January 2022,5.92857514022786,5.77757497169520,6.08448714136990
10 January 2022,5.79084813586601,5.64169066095831,5.94551320382906
11 January 2022,5.64721541470242,5.49672025456036,5.80053058835284
12 January 2022,5.50059055252388,5.35608036974188,5.64474061351836
13 January 2022,5.35489108021450,5.21665764531397,5.49073803124487
14 January 2022,5.21460934668787,5.08228568753094,5.34523945142181
15 January 2022,5.08435291397430,4.95703037004074,5.20874872756847
16 January 2022,4.91898737246075,4.79620759429093,5.05259949294193
17 January 2022,4.83888344650392,4.71308812241024,4.96909685171323
18 January 2022,4.78126909983714,4.65884007178077,4.91916938399014
19 January 2022,4.74611769884594,4.62787576588695,4.89165672120019
20 January 2022,4.73299467226148,4.61949481947034,4.87849486616956
21 January 2022,4.74092173443343,4.63398304195583,4.88180713840980
22 January 2022,4.76821039738195,4.65913457708546,4.88936420949434
23 January 2022,4.82965059404709,4.68875034887591,4.98142692140981
24 January 2022,4.85042713667739,4.70287816772074,5.00575925092107
25 January 2022,4.87882016820592,4.73024372310364,5.03295230167028
26 January 2022,4.91300287453913,4.76597421156560,5.06472119480164
27 January 2022,4.95064800929985,4.80574078870923,5.09597920564969
28 January 2022,4.98896226205957,4.84864954469638,5.12539461302189
29 January 2022,5.02475302156213,4.89231501213638,5.15591980986127
30 January 2022,5.02280018321617,4.88068891082835,5.16361550748100
31 January 2022,5.03000339787791,4.88324407847556,5.17541057662218
01 February 2022,5.01953926777442,4.87350040790597,5.16581717543189
02 February 2022,4.99066904711041,4.84892635976830,5.13191208131545
03 February 2022,4.94371571223060,4.80649607365575,5.07676668588791
04 February 2022,4.87996100454765,4.74746554774892,5.00721105602786
05 February 2022,4.80144753257981,4.66932985228095,4.92885123635325
06 February 2022,4.49806097653514,4.36642015903327,4.62422890707102
07 February 2022,4.39909451370920,4.26777840924182,4.52847235506794
08 February 2022,4.30470803745420,4.17593087061885,4.43288221872081
09 February 2022,4.21443992561227,4.08875943819141,4.33722457049245
10 February 2022,4.12781968441924,4.00905646243508,4.24606083139082
11 February 2022,4.04436055659434,3.93159182154379,4.16315546581700
12 February 2022,3.96356782671178,3.85453106859494,4.07648267748154
13 February 2022,3.77721164912423,3.65887535796798,3.89384432748173
14 February 2022,3.69439983851075,3.57297082517709,3.81351466901320
15 February 2022,3.61353288707675,3.49459517127720,3.73331771413639
16 February 2022,3.53561106059067,3.42117166874160,3.65349683272330
17 February 2022,3.46196230349587,3.35370448080908,3.57718717000006
18 February 2022,3.39411018060137,3.29071501638474,3.50300880266039
19 February 2022,3.33363309066216,3.23397038197206,3.43771472039734
20 February 2022,3.22297585162126,3.11218515810490,3.33347790377953
21 February 2022,3.18659476799773,3.07536059226009,3.29722506962594
22 February 2022,3.16129502053047,3.04956517230600,3.27219779446501
23 February 2022,3.14787987795093,3.03682433389843,3.25832120452941
24 February 2022,3.14710491370052,3.03697556247201,3.25549197495591
25 February 2022,3.15966528643470,3.05252012533756,3.26475265254403
26 February 2022,3.18617842552987,3.08342066218732,3.28636556749033
27 February 2022,3.16678215216911,3.06322139935383,3.27614221040928
28 February 2022,3.21509150095114,3.10741702227167,3.32935602577600
01 March 2022,3.27979044928560,3.16774749108199,3.39620349461480
02 March 2022,3.36220192248597,3.24857011537284,3.47892138691915
03 March 2022,3.46333691877670,3.34837430061017,3.58075328164691
04 March 2022,3.58382441525691,3.47167208756729,3.70050397061749
05 March 2022,3.72382598147668,3.61655027645211,3.83766268342002
06 March 2022,3.88430743995840,3.77256533676145,4.00050298647285
07 March 2022,4.05308900553804,3.93170205796061,4.17612423756290
08 March 2022,4.23273810202289,4.10562123185135,4.36043158910272
09 March 2022,4.42303220656359,4.29417726682383,4.55462230834901
10 March 2022,4.62349123994360,4.49545193409092,4.75646855461376
11 March 2022,4.83331144043945,4.70612601454059,4.96538819443430
12 March 2022,5.05127589578667,4.92386711505623,5.18092145458194
13 March 2022,5.21206217911315,5.08222810277373,5.34561612246052
14 March 2022,5.43822262056216,5.30016005867419,5.58092535116266
15 March 2022,5.66601026329283,5.52226745531823,5.81376796226901
16 March 2022,5.89262586789176,5.74428080574669,6.04189287930429
17 March 2022,6.11496185075794,5.97141787561053,6.26528385746148
18 March 2022,6.32966133063797,6.18840324620058,6.47983185476471
19 March 2022,6.53319401722041,6.39190404055404,6.67996915788761
20 March 2022,6.72196985139141,6.58069905417846,6.87075388312198
21 March 2022,6.89250706262493,6.74779138659720,7.04980689289855
22 March 2022,7.04165600000803,6.88848020805495,7.20338682583306
23 March 2022,7.16685769228058,7.00560452204892,7.33351376276454